Model,Accuracy,Precision,Recall,F1 Score,ROC AUC
Logistic Regression,0.9,0.7272727272727273,0.5333333333333333,0.6153846153846154,0.9084313725490196
Random Forest,0.9,0.7083333333333334,0.5666666666666667,0.6296296296296297,0.8950980392156863
Decision Tree,0.85,0.5,0.5666666666666667,0.53125,0.7483333333333334
